Id;first_name;last_name;birthday;gender;address
e3524d4d-3938-4399-91a8-3b90d5ccfff9;Anna;Cole;1991-02-06;female;9301 Beacon Ave. West Des Moines, IA 50265;United States
f8394b4a-57a0-41fc-96dd-01e59aebf1fe;Barbara;Watts;1986-08-19;female;815 Leatherwood Dr. Paramus, NJ 07652;United States
e18f5d83-39b5-4a77-9147-e6fffb632a52;Betty;Romero;1966-06-24;female;123 S. Miles Court. Reno, NV 89523;United States
c599aab2-0d8c-4aa3-80dc-2eb2fefadfad;Charles;Kelley;1982-10-31;male;662 Pleasant St. Oconomowoc, WI 53066;United States
57c6b2fb-8220-4153-af82-f38975adb39d;Donald;Saunders;1993-05-23;male;3 Rockledge St. Hoffman Estates, IL 60169;United States
053cd210-aa73-4eeb-b669-68255830e887;Doris;Patterson;1978-06-24;female;487 Church St. Ottawa, IL 61350;United States
62c42557-97af-4b74-8a7f-7179726f8017;Dorothy;Henderson;1973-01-27;female;34 East 4th Dr. Glen Ellyn, IL 60137;United States
95548922-d498-47f4-858d-324096198cf1;Edward;Arnold;1982-12-02;male;9952 Glen Ridge Lane. Helena, MT 59601;United States
34b2c93d-8781-4f2b-9ad8-b6c26f4fccc7;Elizabeth;Graves;1973-08-25;female;135 Van Dyke Dr. Paducah, KY 42001;United States
1ea606e2-9546-4b91-ba9c-c704a67e9aca;Frances;Frazier;1976-10-06;female;8958 W. Big Rock Cove St. Huntington, NY 11743;United States
be99c3de-a894-480a-8a98-7409df306c0b;Frank;Thompson;1987-09-23;male;590 Circle St. Franklin, MA 02038;United States
ce72992b-5388-4aa8-843d-31b714b991cc;George;Clarke;1975-12-08;male;1 East Harvard Street. Sewell, NJ 08080;United States
490a2be7-5c1c-4077-b406-0a3cccb395e7;Harold;Johnson;1961-09-16;male;7782 Front Street. Tewksbury, MA 01876;United States
a63889fe-02e7-419d-8c98-89c57d73bf82;Helen;Hoffman;1974-06-12;female;492 South Drive. Jackson, NJ 08527;United States
c44b319f-0540-4a82-8ece-d1359e4eedb0;Jack;Daniel;1985-01-05;male;58 Old Oak Court. Cedar Falls, IA 50613;United States
7323de14-78a8-4d6e-9f0e-5a425c99c0d5;James;French;1990-10-22;male;9880 Pendergast Street. Marietta, GA 30008;United States
4c16b879-80c2-4bc3-8b74-a650c2801ee3;Jean;Mcgrath;1974-01-05;female;1 S. Roosevelt Drive. Fairfax, VA 22030;United States
cb279dbe-237d-4538-843b-af9af18e54b5;John;Owen;1983-08-29;male;8179 St Paul Dr. Fort Worth, TX 76110;United States
0f1e8270-82bf-4848-843c-15e434fcc34d;Joseph;Taylor;1982-06-20;male;66 Roberts Avenue. Memphis, TN 38106;United States
7da6906e-0cf7-4ea2-ae19-2aba63d06d24;Margaret;Curry;1985-01-24;female;7965 Rock Maple Drive. Culpeper, VA 22701;United States
ed0d5604-9a55-40e5-8d59-ac1b47cc5cfb;Marie;Mcleod;1987-11-21;female;8636 Edgewater St. Amityville, NY 11701;United States
98bf4306-4aaa-4620-9d65-d5f410119ef3;Mary;Mack;1989-02-20;female;54 Ashley Ave. Baton Rouge, LA 70806;United States
9b73db2a-3601-4e4a-b445-b2cc66fd550b;Mildred;Solis;1993-04-21;female;137 Division Rd. Waynesboro, PA 17268;United States
a3ae5d89-1841-41ef-90e4-8ee49f3130ba;Paul;Lyons;1994-09-22;male;8650 South Lancaster Rd. Calhoun, GA 30701;United States
ad4c9d5d-cbc5-431a-ac20-ac0fcf9a4384;Richard;Daniels;1981-10-08;male;811 Gartner Dr. Honolulu, HI 96815;United States
02b0c961-d5a9-41ba-85e6-143bb4c3c0e9;Robert;Palmer;1972-09-29;male;588 West Orchard Ave. Marlton, NJ 08053;United States
60e0f2d7-1f55-4263-9d1e-555961058fe9;Ruth;Cross;1994-02-19;female;18 Beech Drive. Haines City, FL 33844;United States
b1734984-ce63-4959-9ede-aa5b12ceae7b;Thomas;Munoz;1993-05-19;male;90 San Pablo Ave. Indiana, PA 15701;United States
6b0c1e5e-1357-4c8f-a205-b0b69fe0b101;Virginia;Santos;1962-07-24;female;250 Country Drive. Neenah, WI 54956;United States
60dfa0b4-c7ed-42d5-bbfd-3c227516337e;William;Tran;1963-07-17;male;8858 Amherst St. Middle River, MD 21220;United States
